BCode;BVal;BLot;BFreq;BAvg;#;SCode;SVal;SLot;SFreq;SAvg;
BBCA;1009958692500;104365300;8459;9677.15;1;BMRI;717059370000;109386200;14170;6555.30;
BMRI;705455277500;107544000;7574;6559.69;2;BBCA;466333232500;48215100;3494;9671.93;
BBRI;527193437500;91492800;5645;5762.13;3;BBRI;396220005000;68826800;4545;5756.77;
TLKM;349018307000;86624800;6279;4029.08;4;BBNI;155091935000;27089000;5976;5725.27;
BBNI;258574817500;45149600;7695;5727.07;5;TLKM;150206821000;37298100;2498;4027.20;
ASII;155836592500;30323000;4697;5139.22;6;ASII;130937512500;25505800;5215;5133.64;
AMMN;82397000000;10880000;1567;7573.25;7;GOTO;103504255300;1144914600;4655;90.40;
BRIS;70592274000;30482000;5461;2315.87;8;KLBF;61730102500;41237800;2425;1496.93;
ADRO;53852937000;22216700;3831;2423.98;9;AMMN;54846342500;7241000;981;7574.42;
AMRT;44844094000;16916900;1516;2650.85;10;MDKA;48626304000;18917100;4261;2570.49;
GOTO;44251508500;488416900;3171;90.60;11;AKRA;44346904000;27540400;4043;1610.25;
MDKA;41066870000;16211000;1258;2533.27;12;BRIS;43786169000;18777300;4070;2331.87;
SMGR;40879012500;6499900;3695;6289.18;13;AMRT;38215172000;14414900;2155;2651.09;
ICBP;40584615000;3507100;2792;11572.13;14;BRPT;37483567500;35325800;2599;1061.08;
INDF;39677167500;6211800;1775;6387.39;15;ICBP;36002295000;3100400;3204;11612.15;
AKRA;37395950000;23220400;2189;1610.48;16;FILM;33101175000;5458100;9854;6064.60;
TPIA;36966850000;6744500;1852;5481.04;17;MEDC;27735364500;23337100;3045;1188.47;
UNTR;30369395000;1330200;1379;22830.70;18;UNTR;25121292500;1099500;2131;22847.92;
KLBF;30102408500;20050500;897;1501.33;19;PGAS;23426042500;20002500;2148;1171.16;
UNVR;25632736000;8252900;2164;3105.91;20;INKP;23315365000;3023000;2769;7712.66;
MIKA;22277053000;8046200;1797;2768.64;21;ACES;22356889000;26135900;1445;855.41;
BRPT;22265268500;21118100;1183;1054.32;22;INDF;22194432500;3479000;1160;6379.54;
CTRA;22225490000;18348800;1489;1211.28;23;MBMA;21749401000;31956800;1187;680.59;
BULL;21971851300;140413200;1205;156.48;24;ADRO;18589341000;7670700;1454;2423.42;
INCO;21732654000;5531200;1629;3929.10;25;CUAN;17218502500;2624600;2208;6560.43;
TOWR;19530726500;21639300;1690;902.56;26;MTEL;14078108000;20875900;1408;674.37;
CPIN;15664889000;3532000;1262;4435.13;27;SMGR;13599785000;2157200;695;6304.37;
PGAS;14609252500;12478900;1190;1170.72;28;UNVR;13510104000;4344200;1894;3109.92;
JSMR;14560177500;2911600;744;5000.75;29;JSMR;12558239500;2513600;1031;4996.12;
OASA;13193410000;90743000;642;145.39;30;TOWR;12039909000;13341600;1130;902.43;
MTEL;12901281500;19131800;1463;674.34;31;ARTO;11998710000;3708300;1454;3235.64;
PTBA;12180591000;4750100;375;2564.28;32;PTMP;11525239600;53409000;3532;215.79;
PTMP;12130505300;54113400;2823;224.17;33;BIPI;11389704000;129095800;1825;88.23;
ISAT;11826440000;1230900;486;9607.96;34;MYOR;10235726000;4261800;1100;2401.74;
ACES;11089465500;12962400;926;855.51;35;CTRA;9667775000;7948700;2201;1216.27;
MBMA;10371612000;15110100;669;686.40;36;ITMG;9597710000;358700;902;26756.93;
MAPA;10101943000;10310000;1046;979.82;37;TCPI;9572790000;1349700;525;7092.53;
BUKA;9341045000;49232900;855;189.73;38;AVIA;9186299500;15480200;1296;593.42;
EMTK;9118985400;18860800;1121;483.49;39;ISAT;8737412500;907200;348;9631.19;
ANTM;8804019500;5689700;1204;1547.36;40;BMTR;8359788800;32656800;3802;255.99;
PANI;8728881000;1789000;670;4879.20;41;INCO;8092484000;2063700;805;3921.35;
MPMX;8275382500;8103000;392;1021.27;42;BBTN;8036887500;6201200;989;1296.02;
INKP;8115567500;1053000;1138;7707.09;43;BREN;7595054000;1552700;794;4891.51;
MNCN;8036856600;22564700;767;356.17;44;EXCL;7261011000;3121200;979;2326.35;
BMTR;7847181800;30636500;4281;256.14;45;WIIM;7240997500;4129100;1452;1753.65;
ARTO;7523170000;2325400;818;3235.22;46;CPIN;7054013000;1586700;963;4445.71;
PGEO;7412402500;5653400;546;1311.14;47;TPIA;6781365000;1247300;541;5436.84;
CUAN;7390905000;1118600;764;6607.28;48;MAPI;6712839000;3429500;2586;1957.38;
MEDC;6209281000;5222000;417;1189.06;49;MNCN;6358133400;17863000;865;355.94;
ITMG;5632050000;211100;311;26679.54;50;PWON;6270827800;15182100;1140;413.04;
MARK;5574026000;6875200;443;810.74;51;INTP;5868720000;653800;945;8976.32;
BNGA;4925614500;2800200;414;1759.02;52;PGEO;5850605000;4480500;648;1305.79;
MYOR;4719187000;1968400;395;2397.47;53;APIC;5819206000;4809000;1611;1210.07;
FILM;4552792500;748000;1294;6086.62;54;BUMI;5818255700;65189300;980;89.25;
ESSA;4523417000;8841300;390;511.62;55;MAPA;5723973500;5839200;1028;980.27;
ADMR;4499266000;3114300;574;1444.71;56;SMGA;5068052600;42485700;2901;119.29;
BREN;4427217000;900700;357;4915.31;57;SMRA;4800269000;8653200;931;554.74;
PWON;4422211600;10717600;367;412.61;58;PMMP;4790151400;12026600;1122;398.30;
BBTN;4271188500;3294100;425;1296.62;59;ARNA;4400519000;6666100;801;660.13;
SMGA;4187551900;35334600;1755;118.51;60;HUMI;4288104500;55438000;508;77.35;
BIPI;4135050000;46958500;205;88.06;61;MIKA;4090286000;1477300;354;2768.76;
INTP;4026337500;449200;310;8963.35;62;RAJA;3995152000;3058300;587;1306.33;
HATM;3938301200;13395600;69;294.00;63;GJTL;3918818000;3652600;881;1072.88;
MAPI;3903564500;1998700;958;1953.05;64;PTBA;3894004000;1505000;1257;2587.38;
BUMI;3726041700;41714300;763;89.32;65;BULL;3833997500;24245300;502;158.13;
MIDI;3546197000;8792800;835;403.31;66;ADMR;3502500500;2415300;779;1450.13;
DRMA;3505997000;2849900;1041;1230.22;67;BRMS;3443812600;22370700;990;153.94;
AUTO;3204274000;1434800;1342;2233.25;68;ANTM;3435854000;2221400;816;1546.71;
BSDE;3130892000;3055500;305;1024.67;69;EMTK;3392009800;7041600;584;481.71;
MPXL;3111310500;17357400;396;179.25;70;BSDE;3302890500;3221400;604;1025.30;
HUMI;3031925800;39046200;209;77.65;71;MPXL;3245992000;18207300;1319;178.28;
TCPI;2951732500;416600;78;7085.29;72;MARK;3239243000;4095100;333;791.00;
CMNT;2863028000;2582300;167;1108.71;73;MSKY;3187698200;18013900;1130;176.96;
WIIM;2483842500;1426400;298;1741.34;74;CMNT;3178361000;2856500;283;1112.68;
AVIA;2406275500;4047900;317;594.45;75;SRTG;3168271000;2097800;418;1510.28;
NCKL;2308833500;2565900;336;899.81;76;ELSA;3164629000;7913300;383;399.91;
ARNA;2271568000;3450800;127;658.27;77;MIDI;3001690800;7464800;1367;402.11;
BOGA;2267544500;2120100;138;1069.55;78;BTPS;2905721500;1821500;623;1595.24;
EXCL;2255324000;973900;230;2315.77;79;DRMA;2875062000;2331800;441;1232.98;
SMSM;2196187000;1078000;773;2037.28;80;BNGA;2863324000;1630400;373;1756.21;
JPFA;2020791500;1893700;1029;1067.11;81;BOGA;2833780000;2645600;126;1071.13;
BBYB;1966322200;6114000;386;321.61;82;INDY;2822675000;2058300;688;1371.36;
CGAS;1923926800;9038300;512;212.86;83;SILO;2801291000;1208600;686;2317.80;
SRTG;1727298000;1144200;407;1509.61;84;GIAA;2683790400;39996500;414;67.10;
JTPE;1651118400;5506600;16;299.84;85;GGRM;2621467500;133500;405;19636.46;
HEAL;1624369500;1226800;197;1324.07;86;BFIN;2374231000;1978400;715;1200.08;
TBIG;1597577500;818700;242;1951.36;87;BUKA;2320885600;12281700;466;188.97;
GJTL;1555080000;1445900;444;1075.51;88;ESSA;2211348400;4349000;264;508.47;
INPP;1357880000;1807100;199;751.41;89;CGAS;2092680800;9696000;751;215.83;
SMRA;1342206000;2418600;219;554.95;90;SMSM;2088356000;1026300;893;2034.84;
HRUM;1280497000;1080000;128;1185.65;91;TKIM;1973705000;319200;314;6183.29;
SIDO;1237092000;2449300;179;505.08;92;JTPE;1949985400;6534400;318;298.42;
SMDR;1225800600;3615000;108;339.09;93;NCKL;1933532000;2151100;299;898.86;
CASA;1212802500;1622700;224;747.40;94;CMRY;1899483000;464500;384;4089.31;
RAAM;1211523500;2170700;185;558.13;95;HEAL;1857955000;1404200;603;1323.14;
NSSS;1208898400;6243600;124;193.62;96;PTPP;1812942400;4449100;744;407.49;
DOOH;1146663100;16468100;40;69.63;97;PANI;1695712000;352100;191;4816.00;
LSIP;1145539500;1355900;109;844.86;98;BIRD;1653099500;986300;417;1676.06;
SMCB;1092837500;824300;230;1325.78;99;BBYB;1468871200;4561900;370;321.99;
TKIM;1014247500;164400;67;6169.39;100;SSMS;1460420500;1265800;620;1153.75;
APIC;1003348000;825900;290;1214.85;101;JPFA;1429944000;1341000;1018;1066.33;
HMSP;1002623000;1161900;180;862.92;102;OASA;1371095700;9357500;344;146.52;
PSAB;928497400;7120200;196;130.40;103;INPP;1359389000;1809100;206;751.42;
SILO;899220000;390400;230;2303.33;104;ERAA;1315122200;3216400;469;408.88;
SCMA;841056200;5384200;201;156.21;105;TBIG;1273772000;653300;300;1949.75;
DSNG;839521500;1657500;54;506.50;106;SMDR;1233688000;3651000;307;337.90;
MSKY;839124000;4825500;322;173.89;107;CASA;1215728500;1635100;305;743.52;
BRMS;808534700;5269700;98;153.43;108;NSSS;1159552100;5996600;638;193.37;
SRAJ;795373500;1223100;242;650.29;109;PRDA;1151759000;230100;170;5005.47;
RSCH;791085600;4642100;308;170.42;110;HRUM;1112362000;942400;338;1180.35;
LPPF;781322000;367500;150;2126.05;111;AUTO;1104113000;493600;318;2236.86;
WEHA;781275100;4730100;253;165.17;112;SRAJ;1085389500;1660400;345;653.69;
TUGU;753014500;694300;272;1084.57;113;DSNG;1052118500;2069700;178;508.34;
IOTF;747275400;3876400;284;192.78;114;CARE;1014860900;6251500;194;162.34;
MSTI;747058000;563800;499;1325.04;115;BDMN;993466000;353700;157;2808.78;
WIFI;736207500;4839300;12;152.13;116;FREN;969525000;19390500;297;50.00;
ENRG;729156600;3549600;181;205.42;117;ENRG;947065400;4629200;335;204.59;
DEWA;724445000;12163600;136;59.56;118;MPMX;928442500;902400;51;1028.86;
MFIN;711333000;227500;116;3126.74;119;KOKA;875220300;9925100;600;88.18;
AALI;707977500;102400;161;6913.84;120;BSML;849277200;4152600;212;204.52;
ARKO;683664000;867900;194;787.72;121;DOID;819533400;2173700;184;377.02;
INET;660095500;9580500;53;68.90;122;RSCH;809067800;4779200;499;169.29;
STAA;658442500;787600;131;836.01;123;PSAB;806486300;6067300;136;132.92;
ASSA;649188500;917500;42;707.56;124;PNLF;803677200;3131600;411;256.63;
BFIN;627719000;523000;129;1200.23;125;HATM;767840800;2625700;340;292.43;
FREN;601260500;11985500;131;50.17;126;CRAB;734353000;2932600;275;250.41;
CARE;598679600;3657600;64;163.68;127;MTDL;731598000;1387000;173;527.47;
RGAS;595628100;5037400;173;118.24;128;SMIL;712899600;6034200;111;118.14;
SSIA;561887800;1364300;84;411.85;129;SSIA;673220600;1633100;121;412.23;
BYAN;561557500;28500;166;19703.77;130;KEEN;649269500;827100;850;785.00;
TINS;561035000;964100;86;581.93;131;AALI;648912500;94000;299;6903.32;
UNIQ;555630400;2610300;116;212.86;132;HMSP;614980500;706900;292;869.97;
KEEN;534230000;683300;80;781.84;133;TPMA;599676500;920300;84;651.61;
BABY;532107300;2630900;197;202.25;134;NISP;597027500;479400;120;1245.36;
GGRM;524300000;26700;63;19636.70;135;LSIP;550311000;652900;453;842.87;
BIKE;515142200;1076100;128;478.71;136;CNMA;548369200;2096100;340;261.61;
PTPP;497401200;1219900;151;407.74;137;VKTR;548096500;4709300;176;116.39;
BANK;497272500;475800;468;1045.13;138;SIDO;547413000;1083200;537;505.37;
BTPS;491598500;305800;121;1607.58;139;SGER;546075000;271700;197;2009.85;
BBKP;478255400;6142000;115;77.87;140;TOBA;542061000;2094900;130;258.75;
KOKA;476237900;5436900;229;87.59;141;ABMM;526726000;154500;48;3409.23;
GIAA;454014600;6754400;19;67.22;142;WIFI;518348900;3378800;279;153.41;
WIRG;449661500;4705300;182;95.56;143;NICE;511812000;883600;206;579.23;
SMIL;442940200;3764600;56;117.66;144;INET;508543500;7252000;404;70.12;
RAJA;413034500;315100;51;1310.80;145;HILL;491546000;197700;58;2486.32;
TAPG;411729000;739200;133;556.99;146;HEXA;484475000;83800;48;5781.32;
BUDI;405531200;1458100;32;278.12;147;STAA;482978500;579500;392;833.44;
BSML;381334600;1868500;50;204.09;148;ASSA;482080500;674000;138;715.25;
CMRY;368284000;90300;83;4078.45;149;CHIP;475835000;213200;207;2231.87;
ROTI;367862500;323900;27;1135.73;150;ULTJ;463614500;268500;116;1726.68;
ABMM;367470000;108000;22;3402.50;151;SCMA;449938600;2873500;285;156.58;
BJTM;366470500;563800;7;650.00;152;ROTI;445250000;392100;74;1135.55;
IRRA;364252500;719800;72;506.05;153;SKRN;438060000;766100;143;571.81;
ELSA;363373200;911200;50;398.79;154;ASLC;433794300;4612400;630;94.05;
NOBU;361908500;404400;67;894.93;155;HRTA;433274800;1171300;181;369.91;
MTDL;356492000;673500;188;529.31;156;MTMH;419895500;321500;21;1306.05;
PTRO;353669000;72300;31;4891.69;157;BDKR;407354000;796600;199;511.37;
UCID;336567000;362100;59;929.49;158;LPPF;400446000;188900;246;2119.88;
BDMN;334756000;120400;62;2780.37;159;KIJA;397724500;3282500;49;121.17;
PNBN;334211500;302800;50;1103.74;160;CHEM;396897600;3602100;496;110.19;
INDY;323641000;238700;31;1355.85;161;SURI;385476500;716300;73;538.15;
ULTJ;319623500;186200;81;1716.56;162;WINS;382031800;1033900;215;369.51;
GULA;300485000;894100;319;336.08;163;BJBR;381899000;326300;254;1170.39;
TSPC;298304000;144400;152;2065.82;164;RAAM;378964500;679000;58;558.12;
PTPS;295515700;1608100;105;183.77;165;TSPC;377723000;182700;138;2067.45;
SGER;293152000;146600;53;1999.67;166;LPKR;373457100;4609300;314;81.02;
VKTR;289480800;2500600;32;115.76;167;BBKP;353307500;4540600;147;77.81;
POWR;282000000;400000;36;705.00;168;BUDI;342018800;1228100;8;278.49;
HILL;275052000;110800;45;2482.42;169;MDKADRCH4A;340000000;11000000;11;30.91;
PRDA;262870000;52500;37;5007.05;170;TUGU;339559500;312300;123;1087.29;
STRK;250000000;5000000;4;50.00;171;BELI;316833800;666900;89;475.08;
NELY;241226000;468400;5;515.00;172;TRON;313620600;1257900;182;249.32;
CLEO;230178500;336400;85;684.24;173;BANK;310520000;297200;274;1044.82;
DMMX;228365200;844300;94;270.48;174;IKPM;309998400;1335900;120;232.05;
KAEF;228288500;242000;77;943.34;175;CFIN;298649000;620300;124;481.46;
IMPC;228288400;589500;55;387.26;176;AYAM;271587100;2504900;186;108.42;
MSIN;220476000;74000;115;2979.41;177;PTRO;244553000;50600;28;4833.06;
KPIG;214200000;3400000;36;63.00;178;BABY;242455000;1184300;176;204.72;
BESS;213804000;1187800;1;180.00;179;MGRO;240394500;412400;44;582.92;
TGUK;210748000;2243400;87;93.94;180;RGAS;239078700;2026200;92;117.99;
HRTA;206130800;548200;45;376.01;181;NSSS-W;238942000;11989600;62;19.93;
SSMS;205061500;178800;27;1146.88;182;GZCO;237714700;2142300;148;110.96;
MGRO;204066000;356700;13;572.09;183;DOOH;235718000;3367400;33;70.00;
IPCC;202514500;292000;18;693.54;184;DEWA;233502300;3949700;65;59.12;
GZCO;197252400;1783400;154;110.60;185;NOBU;231338000;260300;18;888.74;
AISA;193689500;1448400;101;133.73;186;MLIA;227352200;546600;81;415.94;
HEXA;190890000;33000;25;5784.55;187;WIRG;213641400;2231400;87;95.74;
LINK;184920500;165700;29;1116.00;188;BJTM;213265000;328100;135;650.00;
PJAA;183971000;183900;23;1000.39;189;HOKI;206509400;1225900;95;168.46;
TPMA;180756500;277800;21;650.67;190;ADHI;206337800;734100;234;281.08;
NICE;174783000;305200;34;572.68;191;ARCI;191160000;534700;70;357.51;
NISP;171663500;137900;43;1244.84;192;MAYA;189651200;1047000;86;181.14;
CASS;170487000;204500;27;833.68;193;DKFT;180631200;1721600;85;104.92;
SAME;164551600;527100;33;312.18;194;MSTI;180597500;136300;7;1325.00;
SKRN;158370000;276800;19;572.15;195;IRRA;150640800;302800;129;497.49;
RICY;157219400;1342700;62;117.09;196;DMAS;147825000;912500;146;162.00;
CNMA;151272400;580100;34;260.77;197;IMAS;147745000;107300;106;1376.93;
BIRD;148159500;87800;10;1687.47;198;MSIN;147483000;49500;36;2979.45;
IKPM;145829000;645700;45;225.85;199;SMCB;144845500;111500;36;1299.06;
MAYA;140804800;784300;24;179.53;200;TINS;137693500;235500;70;584.69;
RALS;128883800;262000;16;491.92;201;AGRO;136732200;474800;105;287.98;
AGRO;119020800;414900;20;286.87;202;BIKE;134601600;283300;47;475.12;
ELPI;114391400;405300;47;282.24;203;KAEF;131619000;139900;120;940.81;
DILD;108045500;567900;9;190.25;204;ASRI;131392200;817600;46;160.70;
BDKR;104652000;205200;9;510.00;205;KOCI;131292100;2518500;58;52.13;
PNIN;102784000;120800;11;850.86;206;DLTA;122081000;36100;65;3381.75;
NICL;102132700;528200;16;193.36;207;DILD;120773300;626200;56;192.87;
CHEM;99531000;912200;10;109.11;208;BESS;119837000;627300;4;191.04;
CRAB;99222000;376700;29;263.40;209;MICE;118900000;237800;16;500.00;
ITIC;97411400;326200;40;298.62;210;ADMF;115377500;10100;8;11423.51;
ERAA;92100600;224800;77;409.70;211;SMBR;111602800;462800;20;241.15;
SMBR;85627200;353000;4;242.57;212;POWR;108722000;155200;71;700.53;
PRIM;80570900;1075400;15;74.92;213;IMPC;108408600;278400;29;389.40;
APEX;79997600;472700;12;169.24;214;CASS;106643500;123200;23;865.61;
BJBR;77790000;66500;20;1169.77;215;TMAS;106617400;663500;78;160.69;
ASRI;71689000;445900;68;160.77;216;WEHA;105794300;644300;34;164.20;
LPKR;70262500;865300;56;81.20;217;WOOD;103581000;343300;16;301.72;
MOLI;66336200;189600;22;349.87;218;GTRA;102473600;579900;100;176.71;
PURI;64798700;374800;18;172.89;219;PANS;101972000;61900;107;1647.37;
PDPP;62094000;155400;13;399.58;220;PRIM;99428600;1318200;30;75.43;
BBHI;61937000;51400;1;1205.00;221;CARS;99043800;1003700;19;98.68;
PMMP;59960800;150300;7;398.94;222;MAHA;98123700;538100;66;182.35;
TMAS;56830200;347600;18;163.49;223;CPRO;97697000;1843600;5;52.99;
WINS;56707000;153000;21;370.63;224;TAPG;92252500;166400;35;554.40;
ESTA;55492300;804200;2;69.00;225;KRAS;85492000;605500;69;141.19;
PANS;54778000;32900;13;1664.98;226;VTNY;83357300;473400;124;176.08;
TOBA;53978400;207900;20;259.64;227;BYAN;82735000;4200;17;19698.81;
BNBA;53394000;80900;1;660.00;228;MERK;78363000;18900;21;4146.19;
KIJA;53082700;438700;2;121.00;229;IOTF;78288400;408000;46;191.88;
MERK;49795000;12000;6;4149.58;230;ARKO;77569000;99800;12;777.24;
KRAS;49638800;349800;9;141.91;231;NICL;75013200;381100;52;196.83;
ADMF;49127500;4300;1;11425.00;232;PNIN;72821500;84700;13;859.76;
INOV;48498800;398600;12;121.67;233;RIGS;72735500;125400;42;580.03;
BISI;46967000;30000;4;1565.57;234;MKPI;72150000;2600;13;27750.00;
BABP;46306800;812400;8;57.00;235;JRPT;69207000;100300;5;690.00;
LMAX;46094400;261900;19;176.00;236;SPTO;68860000;125200;13;550.00;
KOCI;46090900;868400;31;53.08;237;BGTG;64891200;862000;16;75.28;
CYBR;44480000;205000;18;216.98;238;MPPA;63988200;1066600;35;59.99;
MKPI;44350000;1600;4;27718.75;239;SAME;63100800;201000;9;313.93;
AMAN;41300000;350000;6;118.00;240;SMMT;62473000;80300;85;778.00;
BGTG;41215800;564600;3;73.00;241;SNLK;61758000;132100;43;467.51;
ADHI;41009800;145400;20;282.05;242;ISSP;56362600;196400;13;286.98;
DMAS;39771000;245500;15;162.00;243;FAPA;54060000;10200;8;5300.00;
ASLC;37648600;407700;21;92.34;244;PANR;53031000;134600;41;393.99;
VTNY;37642500;214100;7;175.82;245;GMFI;45282800;573200;2;79.00;
MUTU;37262100;428300;3;87.00;246;VAST;44552300;671600;26;66.34;
BEST;36301200;275000;3;132.00;247;IPCC;43439500;62800;6;691.71;
GTRA;35872700;204500;21;175.42;248;GULA;41261000;123700;65;333.56;
SIMP;34752200;94800;6;366.58;249;MYOH;40447500;22300;5;1813.79;
ITMA;34552000;50500;14;684.20;250;BSSR;36729000;9900;1;3710.00;
ENAK;32629500;25100;11;1299.98;251;BEST;35298200;265400;22;133.00;
BSSR;32560000;8800;9;3700.00;252;EDGE;35010000;9400;4;3724.47;
MLPL;31830800;468100;24;68.00;253;MOLI;32821600;92900;14;353.30;
GRIA;31166300;266700;10;116.86;254;PJAA;31999500;32500;7;984.60;
EDGE;30206000;8200;17;3683.66;255;SOCI;31092300;173700;19;179.00;
MDLN;29700000;550000;4;54.00;256;BISI;31040000;19400;1;1600.00;
SOCI;26611000;149500;2;178.00;257;TOTL;28818400;72100;6;399.70;
BPTR;26085000;347800;16;75.00;258;TRJA;28328200;101900;7;278.00;
PSDN;24965100;232700;10;107.28;259;GRPH;26927600;376900;51;71.44;
PNLF;24891600;97200;7;256.09;260;ALDO;26538000;40200;5;660.15;
ANJT;24882000;34800;5;715.00;261;SMMA;25387500;1600;9;15867.19;
PANR;24582800;62800;7;391.45;262;UCID;25381500;27300;16;929.73;
IBOS-W;24307500;48500;5;501.19;263;IBOS-W;25087500;48500;6;517.27;
DOID;22447200;59700;3;376.00;264;PDPP;24615800;61700;7;398.96;
AHAP;22155400;288600;6;76.77;265;MANG;24502700;259300;24;94.50;
PYFA;20703000;23300;15;888.54;266;CRSN;23435100;207800;15;112.78;
WOOD;20502400;68800;1;298.00;267;AMAR;22911400;82500;12;277.71;
JARR;20200000;101000;2;200.00;268;MMIX;22380000;186500;18;120.00;
BAYU;19599000;13900;6;1410.00;269;AGII;21953000;14400;4;1524.51;
HOKI;19351900;115800;17;167.11;270;AXIO;21438800;107200;3;199.99;
AYAM;19206900;176200;46;109.01;271;LPCK;21305000;31800;2;669.97;
RIGS;18788000;32800;5;572.80;272;PYFA;20688000;22900;14;903.41;
MPPA;17434500;295500;10;59.00;273;IMJS;20655400;74300;15;278.00;
BBSS;17370900;241800;4;71.84;274;TRIN;20595000;137300;3;150.00;
ISSP;17280000;60000;1;288.00;275;APEX;19494600;114500;24;170.26;
HAIS;17248000;77000;1;224.00;276;CAKK;19199000;128400;7;149.52;
LEAD;17019000;279000;1;61.00;277;BPTR;19055000;257500;5;74.00;
INAF;16913000;39800;2;424.95;278;MARI;18960000;379200;7;50.00;
CYBR-W;16428500;310000;2;53.00;279;SFAN;17775500;9300;6;1911.34;
PEHA;16380000;31500;1;520.00;280;CYBR-W;17161400;323800;6;53.00;
BALI;16214500;16900;2;959.44;281;GTBO;16819000;41800;17;402.37;
MSJA;15900000;50000;15;318.00;282;CYBR;16718400;77500;12;215.72;
KETR;14979600;65700;1;228.00;283;DGIK;15953700;177700;6;89.78;
IMAS;14589000;10600;11;1376.32;284;ERAL;15627000;52500;9;297.66;
SOTS;14252300;65200;33;218.59;285;NIKL;15139200;56600;15;267.48;
IBOS;14171000;22400;9;632.63;286;BNII;14469200;59300;10;244.00;
TBLA;14164500;21300;1;665.00;287;SMKM;14429300;277000;16;52.09;
DKFT;13996600;134200;4;104.30;288;MCOL;14090000;2400;5;5870.83;
CRSN;13890900;129000;8;107.68;289;MLPL;13930800;204400;8;68.15;
GDST;13525500;106500;3;127.00;290;MSJA;13923800;43900;4;317.17;
DNAR;13444000;112000;7;120.04;291;SLIS;13678400;207300;38;65.98;
SURI;12860000;23800;4;540.34;292;SMLE;12977500;122300;35;106.11;
MLBI;12780000;1800;2;7100.00;293;HERO;12552000;13700;26;916.20;
GLVA;12600000;30000;1;420.00;294;BATA;12117000;127000;9;95.41;
CARS;12377000;124300;5;99.57;295;KKGI;12024000;32900;42;365.47;
SAMF;12243000;15900;1;770.00;296;CLPI;11662000;11900;4;980.00;
SMMA;11777500;800;6;14721.88;297;POLL;11567100;74800;17;154.64;
KKGI;11502400;31600;1;364.00;298;OBMD;10925400;41700;2;262.00;
VAST;11335600;175100;7;64.74;299;DVLA;10784000;6400;2;1685.00;
CAKK;11190500;75000;3;149.21;300;APLN;10403600;83900;4;124.00;
MASA;11108000;2900;2;3830.34;301;IBOS;10143000;15600;2;650.19;
EPMT;10962000;4200;5;2610.00;302;ITIC;10124400;34200;13;296.04;
KINO;10852000;9200;4;1179.57;303;GEMS;9957500;1700;7;5857.35;
SNLK;10623600;22700;1;468.00;304;RICY;9629200;82000;52;117.43;
TRON;10267200;41400;3;248.00;305;DGNS;9289000;35200;9;263.89;
BOLA;10266100;68900;1;149.00;306;BBSS;9069100;126900;5;71.47;
BIKE-W;10083000;734500;10;13.73;307;AWAN;9053000;31000;6;292.03;
GEMS;9945000;1700;1;5850.00;308;MBAP;8969000;2100;2;4270.95;
CHIP;9629000;4300;9;2239.30;309;BOLA;8266100;54600;9;151.39;
GTBO;9607800;23900;1;402.00;310;BBHI;8073500;6700;3;1205.00;
INRU;9213000;9900;3;930.61;311;BIKE-W;8042000;534500;4;15.05;
SCCO;9022500;900;4;10025.00;312;BEEF;7930000;32500;1;244.00;
SULI;8569300;68800;72;124.55;313;SMKL;7682400;38800;2;198.00;
ARCI;7899200;22100;21;357.43;314;UNIQ;7567800;35100;2;215.61;
MMLP;7735600;23300;1;332.00;315;ACRO;7041100;79100;23;89.02;
SKLT;7368400;33800;1;218.00;316;BINA;6778000;1600;2;4236.25;
BBLD;7367000;13900;1;530.00;317;BALI;6484500;6600;18;982.50;
SMLE;7293000;68900;10;105.85;318;LINK;6442000;5700;7;1130.18;
PEGE;6849600;41600;3;164.65;319;OILS;6404000;52000;7;123.15;
MCOR;6627200;87200;5;76.00;320;TBMS;6225000;2500;3;2490.00;
TBMS;6270000;2500;3;2508.00;321;MAIN;6220200;12600;5;493.67;
AGII;6020500;4000;2;1505.13;322;MASA;6050000;1600;5;3781.25;
BNLI;5947500;6500;1;915.00;323;SMDM;6044400;33000;4;183.16;
PEVE;5504000;32000;4;172.00;324;ZYRX;5841000;35400;1;165.00;
MAHA;5475500;30100;2;181.91;325;TFAS;5610500;10500;3;534.33;
KOBX;5362200;33100;1;162.00;326;GLVA;5569200;12600;1;442.00;
XBES;5361600;4800;1;1117.00;327;BUVA;5481500;98000;2;55.93;
CPRO;5300000;100000;1;53.00;328;CBUT;5469000;3200;12;1709.06;
TRGU;5082800;28700;13;177.10;329;ESTA;5456300;75500;9;72.27;
BATA;4898500;50500;2;97.00;330;SMLE-W;5112000;511200;2;10.00;
BKSW;4866400;63200;2;77.00;331;CLEO;5077500;7500;8;677.00;
OILS;4690000;40000;5;117.25;332;TLDN;4903200;10800;1;454.00;
SLIS;4595500;70700;8;65.00;333;RUIS;4343000;21500;4;202.00;
ACRO;4550000;50000;2;91.00;334;BUAH;4326000;2100;3;2060.00;
ALDO;4160000;6500;2;640.00;335;AISA;4266000;31600;4;135.00;
MEGA;3476000;700;2;4965.71;336;WEGE;4164800;54800;2;76.00;
DLTA;3400000;1000;1;3400.00;337;CAMP;3809800;10900;10;349.52;
ALKA;3365800;7300;3;461.07;338;MORA;3699600;8200;6;451.17;
DVLA;3340000;2000;1;1670.00;339;GOLD;3679800;12700;5;289.75;
FOLK;3226900;52900;5;61.00;340;BKSW;3534300;45900;1;77.00;
AWAN;3210800;11000;9;291.89;341;SDPC;3516400;23600;3;149.00;
MLPT;3209500;2100;3;1528.33;342;TOTO;3511200;15400;1;228.00;
PTSP;3105000;1500;3;2070.00;343;JARR;3494600;17300;6;202.00;
NZIA;2893800;37100;3;78.00;344;MRAT;3435800;10000;5;343.58;
SDRA;2761500;4800;2;575.31;345;ELPI;3364200;11900;8;282.71;
SHIP;2748000;2500;2;1099.20;346;RANC;3354000;5200;1;645.00;
VINS;2544500;15000;3;169.63;347;KINO;3306000;2800;4;1180.71;
ECII;2154600;8100;1;266.00;348;NFCX;3092000;900;7;3435.56;
KMDS;2100000;5000;1;420.00;349;HITS;3058000;7300;7;418.90;
BELI;1713600;3600;2;476.00;350;ALMI;2864400;15400;1;186.00;
KRYA;1611500;29300;1;55.00;351;PNBN;2652000;2400;3;1105.00;
CMPP;1545600;13800;1;112.00;352;PSDN;2497000;23000;12;108.57;
CITA;1481000;600;2;2468.33;353;DMMX;2393600;8900;10;268.94;
ALMI;1431400;8000;2;178.93;354;INDS;2370000;1000;1;2370.00;
RDTX;1400000;100;1;14000.00;355;PORT;2098000;3100;3;676.77;
IKBI;1386000;3000;1;462.00;356;OMED;2040200;10100;5;202.00;
DUTI;1350000;300;1;4500.00;357;TRIS;2000000;10000;1;200.00;
NIKL;1290800;5000;3;258.16;358;INOV;1987500;15900;3;125.00;
MLIA;1289600;3100;2;416.00;359;ALKA;1971200;4400;1;448.00;
XIIT;1240800;2200;2;564.00;360;ASLI;1965000;39300;1;50.00;
DFAM;1209600;22400;2;54.00;361;SOTS;1950000;10000;1;195.00;
ASLI;1000000;20000;1;50.00;362;SINI;1831000;2000;3;915.50;
POLL;867300;5900;1;147.00;363;SAPX;1630000;2000;1;815.00;
CSRA;755200;1600;1;472.00;364;ASPI;1626300;11700;7;139.00;
CFIN;721000;1500;2;480.67;365;BMAS;1573500;2900;11;542.59;
LIFE;602500;100;1;6025.00;366;EPMT;1566000;600;1;2610.00;
MDKADRCH4A;599000;19300;21;31.04;367;INRU;1536000;1600;3;960.00;
KDSI;555000;300;1;1850.00;368;DNAR;1452000;12000;1;121.00;
GEMA;542200;2300;3;235.74;369;BEER;1193800;4700;2;254.00;
RMKO;512000;2000;1;256.00;370;HDFA;1180500;10900;12;108.30;
DNET;465000;100;1;4650.00;371;UDNG;1165800;17400;1;67.00;
IFII;428900;2700;3;158.85;372;BRAM;1157500;200;2;5787.50;
ASDM;421200;900;1;468.00;373;GRIA;1111500;9500;1;117.00;
RUIS;400000;2000;1;200.00;374;SGRO;995000;500;1;1990.00;
PKPK;394200;1100;2;358.36;375;CITA;778000;300;3;2593.33;
BBSI;377000;100;1;3770.00;376;ASGR;716000;800;3;895.00;
RANC;372000;600;1;620.00;377;VICO;702000;6000;1;117.00;
ASGR;358000;400;1;895.00;378;MLPT;638000;400;1;1595.00;
PMJS;301400;2200;1;137.00;379;ZBRA;637000;1400;5;455.00;
HDFA;253800;2500;2;101.52;380;BNBA;608000;900;3;675.56;
INDS;238000;100;1;2380.00;381;NRCA;590000;1800;4;327.78;
DEPO;219600;600;1;366.00;382;IPCM;556000;2000;1;278.00;
HUMI-W;214000;42800;1;5.00;383;DYAN;538200;6900;1;78.00;
AMOR;205000;200;1;1025.00;384;MMLP;520800;1600;2;325.50;
PALM;188800;400;1;472.00;385;TRIM;500200;1800;3;277.89;
GHON;187000;100;1;1870.00;386;BCIC;495600;4200;1;118.00;
BLTZ;183000;100;1;1830.00;387;BTON;473200;1200;3;394.33;
PSGO;176400;1200;1;147.00;388;IFII;469800;2900;1;162.00;
ABBA;140400;2700;1;52.00;389;DWGL;467400;4100;1;114.00;
TLDN;136200;300;1;454.00;390;POLI;450000;600;1;750.00;
MDKADRCK4B;114200;5000;10;22.84;391;ACST;399900;3100;1;129.00;
KONI;101000;100;1;1010.00;392;DMND;392500;500;1;785.00;
PGUN;84000;200;1;420.00;393;BLTZ;391000;200;2;1955.00;
POLI;73500;100;1;735.00;394;SOSS;380800;800;1;476.00;
PZZA;68400;200;1;342.00;395;INDO;351500;3700;3;95.00;
SMKM;37100;700;1;53.00;396;SUNI;343600;900;3;381.78;
BRPTDRCH4A;13300;700;3;19.00;397;NIRO;333600;2400;1;139.00;
BRPTDRCK4B;7200;400;3;18.00;398;KBLI;332000;1000;1;332.00;
GOTOZPCG4A;5600;800;1;7.00;399;PBSA;330000;1100;1;300.00;
SAGE-W;4400;2200;1;2.00;400;MTLA;320000;800;2;400.00;
SMLE-W;4000;400;2;10.00;401;ECII;294400;1100;2;267.64;
;;;;402;GEMA;282400;1100;2;256.73;
;;;;403;TALF;263400;900;3;292.67;
;;;;404;BAJA;262500;2100;4;125.00;
;;;;405;MITI;259300;1400;4;185.21;
;;;;406;PPRE;246400;3200;5;77.00;
;;;;407;DIVA;217900;1100;2;198.09;
;;;;408;IDPR;200200;1400;2;143.00;
;;;;409;PTPS;184000;1000;1;184.00;
;;;;410;HOMI;179800;800;3;224.75;
;;;;411;PTSN;172200;700;1;246.00;
;;;;412;SBMA;158000;1000;1;158.00;
;;;;413;CINT;151000;1000;2;151.00;
;;;;414;ANJT;143000;200;1;715.00;
;;;;415;INAF;129000;300;2;430.00;
;;;;416;GWSA;118200;800;4;147.75;
;;;;417;SIPD;97500;100;1;975.00;
;;;;418;CENT;88400;1700;2;52.00;
;;;;419;KMTR;84000;300;1;280.00;
;;;;420;JIHD;77200;200;2;386.00;
;;;;421;INPC;77000;1100;1;70.00;
;;;;422;BMSR;66600;200;2;333.00;
;;;;423;EMDE;50400;400;2;126.00;
;;;;424;GSMF;44100;700;2;63.00;
;;;;425;INPS;35800;200;1;179.00;
;;;;426;GOTODRCH4A;22500;1700;5;13.24;
;;;;427;DART;13600;100;1;136.00;
;;;;428;UNSP;10500;100;1;105.00;
;;;;429;JAST;5000;100;1;50.00;
